INSERT INTO Authors (full_name, birth_year, death_year) VALUES
('Леся Українка', 1871, 1913),
('Ольга Кобилянська', 1863, 1942),
('Марко Вовчок', 1833, 1907),
('Ліна Костенко', 1930, NULL),
('Оксана Забужко', 1960, NULL),
('Ірина Вільде', 1907, 1982),
('Катерина Бабкіна', 1985, NULL);

INSERT INTO Genres (genre_name) VALUES
('Поезія'),
('Проза'),
('Роман'),
('Повість'),
('Есеїстика');

INSERT INTO Publishers (publisher_name, city) VALUES
('Видавництво Старого Лева', 'Львів'),
('Клуб Сімейного Дозвілля', 'Харків'),
('Ще одну сторінку', 'Київ'),
('Віват', 'Харків'),
('Лабораторія', 'Київ'),
('Жорж', 'Харків');

INSERT INTO Books (title, author_name, genre_name, publication_year, publisher_name) VALUES
('Лісова пісня', 'Леся Українка', 'Проза', 1911, 'Ще одну сторінку'),
('Земля', 'Ольга Кобилянська', 'Повість', 1901, 'Віват'),
('Інститутка', 'Марко Вовчок', 'Повість', 1862, 'Лабораторія'),
('Маруся Чурай', 'Ліна Костенко', 'Проза', 1979, 'Видавництво Старого Лева'),
('Польові дослідження з українського сексу', 'Оксана Забужко', 'Проза', 1996, 'Лабораторія'),
('Я, Мілена', 'Ірина Вільде', 'Проза', 1949, 'Видавництво Старого Лева'),
('Мій тато став зіркою', 'Катерина Бабкіна', 'Роман', 2021, 'Видавництво Старого Лева'),
('Триста поезій', 'Ліна Костенко', 'Поезія', 2010, 'Видавництво Старого Лева'),
('Notre Dame d’Ukraine', 'Оксана Забужко', 'Есеїстика', 2007, 'Лабораторія'),
('Апокриф', 'Леся Українка', 'Поезія', 1903, 'Віват');

INSERT INTO Readers (name, age, favorite_genre) VALUES
('Олена', 22, 'Поезія'),
('Марія', 28, 'Роман'),
('Наталя', 35, 'Есеїстика'),
('Ірина', 19, 'Повість'),
('Світлана', 41, 'Проза');